Name,Account 1,Account 2,Account 3
SOUNDHOUND AI INC,Investment Accounts,,
Nextera Energy,Investment Accounts,Dividend,
Vanguard,Investment Accounts:Vanguard,,
Superprof,"Household:Health,Fitness,Personal",,
Haaretz,Dues and Subscriptions,,
Myer-AUD,Household:Fun/Meals/Entertainment,"Household:Health,Fitness,Personal",
BANNERMAN ENERGY LTD,Investment Accounts,,
Farha Roofing,Repairs,,
QuickBooks Payments,Dues and Subscriptions,,
Botiquin,"Household:Health,Fitness,Personal",,
Easy Jet,Travel Expense,,
GREEN THUMB INDS INC,Investment Accounts,,
Rebel Top Ryde,"Household:Health,Fitness,Personal",,
AirBnB,Rental Income,RENTS:Rent Income,
Costis Fresh Seafood-Aud,Meals and Entertainment,Meals and Entertainmnent- Aud,
Bonds-AUD,"Household:Health,Fitness,Personal",,
Chemist Warehouse -AUD,"Household:Health,Fitness,Personal",,
AGINIAN RETAIL OPS PTY LTD-AUD,Meals and Entertainment,,
Endota Day Spa The Rocks- AUD,"Household:Health,Fitness,Personal",,
Castlery-AUD,"Household:Health,Fitness,Personal",,
EASTWOOD NATURAL FOOD PTY LTD-AUD,Meals and Entertainment,,
Mini Stop Express Convenience- Aud,Household:Groceries,,
NWS Spirit-AUD,"Household:Health,Fitness,Personal",,
Milano Cadorna-AUD,Travel Expense,,
Jackpocket,Household:Fun/Meals/Entertainment,,
NWFA- AUD,Meals and Entertainment,,
Macchina Eatery- AUD,Meals and Entertainment,,
8Fish Pty Ltd-AUD,Meals and Entertainment,,
Gundaroo Grocer-AUD,Household:Groceries,,
Solanna PTY Ltd-Aud,Household:Groceries,,
Royals Hairdressing- AUD,"Household:Health,Fitness,Personal",,
Pharmasociety PTY LTD-AUD,"Household:Health,Fitness,Personal",,
Prime Quality Meals-AUD,Meals and Entertainment,,
Webster's Gourmet Meat Kitchen-AUD,Household:Groceries,,
Bunnings Carlington - AUD,Office Supplies,,
AIG Insurance,Insurance Expense:Life Insurance,,
Ohbubbles-AUD,"Household:Health,Fitness,Personal",,
Event Cinemas Macquarie-AUD,Household:Fun/Meals/Entertainment,,
NSW -AUD,"Household:Health,Fitness,Personal",,
Cork street cafe-AUD,Meals and Entertainment,,
Winni-AUD,"Household:Health,Fitness,Personal",,
James Lane-AUD,"Household:Health,Fitness,Personal",,
Speedway West,Utilities:Gas,Gas And Fuel - Aud,
Target- Aud,"Household:Health,Fitness,Personal",,
Bonbons Bakery-AUD,Meals and Entertainment,Meals and Entertainmnent- Aud,
The Lebanese Loaf-AUD,Meals and Entertainment,,
Bank Fee,Bank Service Charges,,
BCF,Meals and Entertainment,,
The One That Got Away-AUD,Meals and Entertainment,,
Mint Fresh-AUD,Meals and Entertainment,,
Godiva-AUD,Household:Groceries,,
City of Parramatta Council-AUD,Charitable donations,,
Shepherd's Artisan Bakehouse-AUD,Meals and Entertainment,,
Victoire-AUD,Meals and Entertainment,,
Liquorland Castle Hill,Meals and Entertainment,,
Temu-AUD,"Household:Health,Fitness,Personal",,
Afterglow Eatery-AUD,Meals and Entertainmnent- Aud,,
RoundPoint Mortgage Servicing Co,Mortgage Interest Expense,,
Superprof-AUD,"Household:Health,Fitness,Personal",,
Football-AUD,"Household:Health,Fitness,Personal",,
Lejeune-AUD,"Household:Health,Fitness,Personal",,
Inlakesh Living Foods- AUD,Meals and Entertainment,,
La Renaissance Patisserie-AUD,Meals and Entertainment,,
Pasture of Balmoral -AUD,Meals and Entertainmnent- Aud,,
Heavenly Curves-AUD,"Household:Health,Fitness,Personal",,
Gumnut Patisserie- AUD,Meals and Entertainmnent- Aud,,
Zeus Street Greek Canberra City - AUD,Meals and Entertainmnent- Aud,,
Rebel-AUD,"Household:Health,Fitness,Personal",,
Event Cinemas Top Ryde,Household:Fun/Meals/Entertainment,,
Yass Valley Outdoors- AUD,"Household:Health,Fitness,Personal",,
Capital Chemist-AUD,"Household:Health,Fitness,Personal",,
Lime-AUD,Travel Expense,,
Bottom of The Harbour Seafoods-AUD,Meals and Entertainment,,
Snuggle Hunny Kids-AUD,"Household:Health,Fitness,Personal",,
Timezone & Zone Bowling Top Ryde-AUD,"Household:Health,Fitness,Personal",,
Five Ways Pharmacy-AUD,"Household:Health,Fitness,Personal",,
Mosman  Council,Legal and Professional Services:Legal Fees,,
Voyager Tennis,"Household:Health,Fitness,Personal",Household - Aud:Fun/Meals/Entertainment - Aud,
Amazon Prime- AUD,Dues and Subscriptions,,
Lane Cove National Park 1,Travel Expense,,
Reino International-AUD,Parking and Tolls - Aud,,
The Dinner Ladies-AUD,Meals and Entertainment,,
David's Cakes-AUD,Meals and Entertainment,,
Rossi's Fresh Grocer-AUD,Household:Groceries,Meals and Entertainment,
Juliesun Pty Ltd-AUD,Office Supplies,,
Temple & Webster-AUD,"Household:Health,Fitness,Personal",,
Legoe- AUD,"Household:Health,Fitness,Personal",,
The Grove-AUD,Meals and Entertainment,,
Sushi Ru-AUD,Meals and Entertainment,,
Sydney Adventist Hospital-AUD,"Household:Health,Fitness,Personal",,
Parknpay Mosman,Automobile Expense,,
Metro Goods Coffee-AUD,Meals and Entertainment,,
Freshworld Fruit Markets-AUD,Household:Groceries,,
San Ultrasound for Women-AUD,"Household:Health,Fitness,Personal",,
White Horse Coffee-AUD,Meals and Entertainment,,
Chop Butchery Castle Hill-AUD,Household:Groceries,,
Fan City-AUD,Repairs,,
Ronis-Aud,Repairs,,
Cancer Council NSW,Charitable donations,,
King Sushi Pty Ltd-AUD,Meals and Entertainment,,
Thai Village Massage And Spa Darlinghurst-AUD,"Household:Health,Fitness,Personal",,
Amazon,Office Supplies,,
Thai Kee Brother-AUD,"Household:Health,Fitness,Personal",,
Pennant Hills-AUD,Travel Expense:Accommodation,,
United Vending Services-AUD,Repairs:General Repairs,,
Macquarie Centre-AUD,Meals and Entertainment,,
Midori-AUD,Meals and Entertainment,,
GOOD FUGLY ALEXANDRIA- AUD,Meals and Entertainment,,
Thai Restaurant-AUD,Meals and Entertainment,,
Apex Petroleum-AUD,Automobile Expense,,
Shepherds Bay Cake & Meadowbank,Meals and Entertainment,,
Playhq.com,"Household:Health,Fitness,Personal",,
TRULIEVE CANNABIS CO,Investment Accounts,,
Amazon Prime,Dues and Subscriptions,,
BP-AUD,Automobile Expense,,
CARLINGFORD GOURMET-AUD,Meals and Entertainment,,
Carlile Swimming Lane Cove West-AUD,"Household:Health,Fitness,Personal",,
Coles Epping,Household:Groceries,Household - Aud:Fun/Meals/Entertainment - Aud,
Eat Street Parramatta-AUD,Meals and Entertainment,,
Book A Court-AUD,Household:Fun/Meals/Entertainment,,
7-Eleven Aud,Automobile Expense,,
USLI,Insurance Expense,,
DJ-MV,Dues and Subscriptions,,
ATP Media,Dues and Subscriptions,,
Keep Fit Health App,"Household:Health,Fitness,Personal",,
Castlery,"Household:Health,Fitness,Personal",,
The Royal Oak,"Household:Health,Fitness,Personal",,
Coinbase,Crypto Investment Loss,,
Lismore Appliances,Repairs,,
TransUnion,Dues and Subscriptions,,
Tennis World,"Household:Health,Fitness,Personal",,
San Jose,Dues and Subscriptions,,
Enviroment California,Charitable donations,,
WonderDads,Dues and Subscriptions,,
Carlile Swimming Lane Cove West,"Household:Health,Fitness,Personal",,
Massachusetts Department of Revenue,Massacussets Woolf Pictures Tax Payment,,
Tph-AUD,Household - Aud:Fun/Meals/Entertainment - Aud,,
Krispy Kreme,Meals and Entertainmnent- Aud,,
Cherry Lane,Meals and Entertainmnent- Aud,,
The Reject Shop,Household - Aud:Fun/Meals/Entertainment - Aud,,
Ton Yon Groceries Warehouse,Household - Aud:Fun/Meals/Entertainment - Aud,,
Metro Petroleum Epping,Gas And Fuel - Aud,,
Shell Coles Express Marsfield,Repair & Maintenance - Aud,,
KMALL09 Eastwood,Household - Aud:Fun/Meals/Entertainment - Aud,,
Becca's Bakery,Meals and Entertainmnent- Aud,,
EG Ampol Silverwater,Gas And Fuel - Aud,,
Renaissance Cancun Resort & Marina,Travel Expense:Accommodation,,
EasyPark,Parking and Tolls - Aud,,
Woolworths Marsfield,Household - Aud:Fun/Meals/Entertainment - Aud,,
Roseville Bakehouse,Meals and Entertainmnent- Aud,,
Joy Mart,Household - Aud:Fun/Meals/Entertainment - Aud,,
Wokafella BBQ,Meals and Entertainmnent- Aud,,
Coles Macquarie Centre,Household - Aud:Fun/Meals/Entertainment - Aud,,
Top Juice Macquarie,Meals and Entertainmnent- Aud,,
Inter Company transfer,Intercompany:Sydney Epping Trust # 5537,Intercompany:Sydney Epping Trust - Chase #5826,Intercompany:Woolf Picture Inc. Chase #3350
Venmo,"Household:Health,Fitness,Personal",,
American Airlines,Travel Expense:Taxi & shared rides,Travel Expense:Airfare,
Audible,Dues and Subscriptions,,
Book A Court,Household:Fun/Meals/Entertainment,,
Prime Quality Meats,Meals and Entertainment,,
Peacock,Dues and Subscriptions,,
CVS,Household:Presciptions & Sundries,,
Apply Design,Dues and Subscriptions,,
Stan,Dues and Subscriptions,,
Bank of America,Bank Service Charges,,
Crypto,Crypto Investment Loss,,
JCrew,"Household:Health,Fitness,Personal",,
Wise,"Household:Health,Fitness,Personal",,
Centennial Park Cycles,Automobile Expense,,
Burton R Rubin,"Household:Health,Fitness,Personal",,
Old Town Hong Kong,Meals and Entertainment,,
Tina Maids Colorado Springs,Cleaning and Maintenance,,
Metro Petroleum,Utilities:Gas,,
Coles,Household:Groceries,,
X-Eleven,Meals and Entertainment,Household:Fun/Meals/Entertainment,
Cherry Lane Cake Shop,Meals and Entertainment,,
Speedway West Ryde,Utilities:Gas,,
Butcher and the Farmer's,Meals and Entertainment,,
The Signature at MGM Grand,Travel Expense,,
Thai Massage House,Household:Fun/Meals/Entertainment,"Household:Health,Fitness,Personal",
Norton,Dues and Subscriptions,,
CNY,"Household:Health,Fitness,Personal",,
SP Harris,Household:Groceries,Automobile Expense,
Solanna Pty Ltd,Household:Groceries,,
Yanli Wang,"Household:Health,Fitness,Personal",,
Josue Cruz,Repairs,,
Kano Football,"Household:Health,Fitness,Personal",,
Booktopia,Dues and Subscriptions,,
Embryo Options,"Household:Health,Fitness,Personal",,
Matchroom,"Household:Health,Fitness,Personal",,
Comcast,Utilities:Cable,,
KeyCheck,Other Business Expenses,,
Stromwater Utility,Utilities:Water,,
Environment California,Charitable donations,,
Keep Fit Health App 1,"Household:Health,Fitness,Personal",,
Allure Pharmacy,"Household:Health,Fitness,Personal",,
FOREIGN TRANSACTION FEE,Bank Service Charges,,
Doctors On Demand,"Household:Health,Fitness,Personal",,
Good Inside,"Household:Health,Fitness,Personal",,
House Call Doctor,"Household:Health,Fitness,Personal",,
Officeworks West Ryde,Office Supplies,,
Wyoming LLC Attorney,Legal and Professional Services:Legal Fees,,
Costis Fresh Seafood,Meals and Entertainment,,
Carlingford Public School,Household,,
Priceline Pharmacy,"Household:Health,Fitness,Personal",,
Atom Thai Balmain,Meals and Entertainment,,
Gelatissimo Balmain,Meals and Entertainment,,
My Health Food Shop,Meals and Entertainment,,
Nextra Macquarie,Travel Expense:Taxi & shared rides,,
99 Bikes Ryde,Travel Expense:Taxi & shared rides,,
Roseville fresh foods,Meals and Entertainment,,
Chargrill Charlie's Beecroft,Meals and Entertainment,,
RIOT PLATFORMS INC,Investment Accounts,,
Sushi Hub Eastwood,Meals and Entertainment,,
The Boathouse Balmoral,Meals and Entertainment,,
Uber Eats,Meals and Entertainment,,
Caffe Aurora Silverwater,Meals and Entertainment,,
7-Eleven,Automobile Expense,,
Bonbons Bakery,Household:Fun/Meals/Entertainment,Meals and Entertainment,
Fertility Center,"Household:Health,Fitness,Personal",,
"Coin Ledger, Inc.",Dues and Subscriptions,,
Delta Airlines,Travel Expense:Airfare,,
Sushiru,Household:Fun/Meals/Entertainment,Meals and Entertainment,
PROCTER & GAMBLE CO,Investment Accounts,Dividend,
Sprot Uranium,Investment Accounts,,
NEOS Bitcoin High Income ETF,Investment Accounts,Dividend,
Arm Holdings,Investment Accounts,,
Virgin Atlantic,Travel Expense:Airfare,,
PAYPAL HOLDINGS INCO,Investment Accounts,,
Schwab,Margin Interest,Interest Income,
Microsoft,Investment Accounts,,
Wells Fargo & Co,Investment Accounts,,
MCDONALDS CORP,Investment Accounts,Dividend,
Faraday Future Intel,Investment Accounts,,
PALANTIR TECHNOLOGIE,Investment Accounts,,
ON SEMICONDUCTOR CO,Investment Accounts,,
GAMESTOP CORP,Investment Accounts,,
Intel Corp,Investment Accounts,,
Rusty Penny Brewing,Meals and Entertainment,,
Cleanspark Inc,Investment Accounts,,
NVIDIA Corp,Investment Accounts,Dividend,
VANGUARD MID CAP ETF,Investment Accounts,Dividend,
Labels by Leigh,"Household:Health,Fitness,Personal",,
Fitness First Carlingford,"Household:Health,Fitness,Personal",,
Ampol Marsfield,Automobile Expense,,
Florist With Flowers,Office Supplies,,
AGL Energy-AUD,Utilities:Electricity,,
Jhancock Balanced,Investment Accounts,,
Prudential Insurance,Insurance Expense:Life Insurance,,
Paper Plane Cafe Parramatta,Meals and Entertainment,,
Woolf Pictures,Intercompany:Woolf Picture Inc. Chase #3350,Intercompany,
Miracle Supermarkets-AUD,Household:Groceries,,
Nature's  Energy,"Household:Health,Fitness,Personal",,
Point Parking- AUD,Parking and Tolls - Aud,,
Schoolsonline-AUD,"Household:Health,Fitness,Personal",,
Woolworths Supermarkets-AUD,Household:Groceries,,
Wilson Parking-AUD,Parking and Tolls - Aud,,
Parramatta Farmers Market,Household:Groceries,,
Sushi Hub-AUD,Meals and Entertainment,,
Mcdonald's-AUD,Meals and Entertainmnent- Aud,Meals and Entertainment,
Fox's Donut Den,Meals and Entertainment,,
Baker's Delight-AUD,Meals and Entertainment,Meals and Entertainmnent- Aud,
Carlingford Public School-AUD,Household,,
Live Group-Aud,Meals and Entertainment,,
Kmart-AUD,"Household:Health,Fitness,Personal",Household:Groceries,
Tonkotsuya,Meals and Entertainment,,
Teacher Health- AUD,Insurance,Insurance Expense,
JWK Group Pty Ltd - AUD,"Household:Health,Fitness,Personal",,
Aoh Food Trading Pty Ltd-AUD,Meals and Entertainment,,
Ab Servicios Selecta Espana,Meals and Entertainment,,
Titles Queensland,Legal and Professional Services:Legal Fees,,
Hire a Chef Catering Castle Hill,Meals and Entertainment,,
DATADOG INC,Investment Accounts,,
Madrid-Barajas,Travel Expense:Airfare,,
Cleeng,Dues and Subscriptions,,
Skool.com INC,Cleaning and Maintenance,,
Furnished Finder,Travel Expense:Accommodation,Travel Expense,
Ticketmaster,Household:Fun/Meals/Entertainment,,
My Flower,Office Supplies,,
Overland Park,Legal and Professional Services:Legal Fees,,
AusCrew,"Household:Health,Fitness,Personal",,
KARAOKE MARFIL,Household:Fun/Meals/Entertainment,,
Uber.com,Travel Expense:Taxi & shared rides,Travel Expense,
Farmacia Trebol Monforte,"Household:Health,Fitness,Personal",,
Paramount Plus,Dues and Subscriptions,,
Eminutes,Legal and Professional Services,Legal and Professional Services:Legal Fees,
Zouki Cafe,Meals and Entertainment,,
Ripe Maternity - Clearance Outlet,"Household:Health,Fitness,Personal",,
UPPAbaby Australia,"Household:Health,Fitness,Personal",,
Next,"Household:Health,Fitness,Personal",,
Baby Little Planet P,"Household:Health,Fitness,Personal",,
Mountain View Electric Association,Utilities:Electricity,,
Amazon-AUD,Office Supplies,,
Atlas Real Estate,,,
Di Pacci Espresso Bar Parramatta,,,
Home Depot,,,
IKEA,,,
Kmart,,,
Lane Cove National Park,,,
MVEAInc,,,
Mascot Pharmacy,,,
Media Entertainment,,,
Parknpay,,,
Prime Video,,,
Ramen Zundo Chatswood,,,
Sushi Hub Baulkham Hills,,,
TENDER GOURMET BUTCHERY  MISC FOOD STORE,,,
Target,,,
Teachers Health,,,
Afsh Nominees Pty Ltd,,,
United Pacific,,,
Woolworths West Ryde,,,
Aoh Food Trading Pty Ltd,,,
Apple,,,
Artisan,,,
BCF-AUD,,,
BP,,,
Big Lots,,,
Bing Lee,"Household:Health,Fitness,Personal",,
David Jones,"Household:Health,Fitness,Personal",,
Macri's on Mobbs,Meals and Entertainment,,
Springfields-AUD,"Household:Health,Fitness,Personal",,
Brit's Kitchen,Meals and Entertainment,,
Romeos Supa Iga Sum-Aud,Meals and Entertainment,,
Love Dem Apples-AUD,Meals and Entertainment,,
LoPresti Ultimate Gelato,Meals and Entertainment,,
Industrie Kids -AUD,"Household:Health,Fitness,Personal",,
My Little Wardrobe-AUD,"Household:Health,Fitness,Personal",,
RJ Living Richmond Furniture Showroom-AUD,Household,,
Lake Parramatta Cafe-AUD,Meals and Entertainment,,
Uniqlo,"Household:Health,Fitness,Personal",,
George's-AUD,Meals and Entertainment,,
Ikea-AUD,Household:Fun/Meals/Entertainment,,
40 Grains-AUD,Meals and Entertainment,,
Dr Narges Zolfaghari-AUD,"Household:Health,Fitness,Personal",,
Big W-AUD,Household:Fun/Meals/Entertainment,,
Monday Baking-AUD,Meals and Entertainment,,
Hot Dollar Pty Ltd- AUD,Meals and Entertainment,,
Bamboo Garden- AUD,Meals and Entertainment,,
Nour,Meals and Entertainment,,
Chambers Fine Coffee,Meals and Entertainment,,
TENDER GOURMET BUTCHERY-AUD,Household:Fun/Meals/Entertainment,,
MQ Breadtop,Meals and Entertainment,,
Cobb & Co Carvery,Meals and Entertainment,,
Victoire Boulangerie Bread Depot,Household:Groceries,,
Amcal,"Household:Health,Fitness,Personal",,
Epic Kebab House,Meals and Entertainment,,
Zouki Cafe-AUD,Meals and Entertainment,,
IGA Rouse Hill,Household:Groceries,,
Gift Australia,"Household:Health,Fitness,Personal",,
Roaring Stories Bookshop,"Household:Health,Fitness,Personal",,
My Games Room,"Household:Health,Fitness,Personal",,
Kazzi Beach Greek-AUD,Meals and Entertainment,,
111 Espresso,Meals and Entertainment,,
Shila Kitchen Balmain,Meals and Entertainment,,
Chargrill Charlie's Beecroft-AUD,Meals and Entertainment,,
Burgers with Bite,Meals and Entertainment,,
Beecroft Acu-Herbal,"Household:Health,Fitness,Personal",,
RJ Living- Aud,Household,,
Bread & Honey,Meals and Entertainment,,
Ampol Carlington,Gas And Fuel - Aud,,
Surry  Hills,Travel Expense:Accommodation,,
Pastry Perfection,Meals and Entertainment,,
Acte 3 Lingerie,"Household:Health,Fitness,Personal",,
Bon Pollo,Meals and Entertainment,,
Purebaby,Automobile Expense,,
Repco-AUD,Automobile Expense,,
Sky Group Trading Pty Ltd,Household:Groceries,,
Sydney Academy of Chess,"Household:Health,Fitness,Personal",,
Timezone Chatswood,Meals and Entertainment,,
United Petroleum-AUD,Utilities:Gas,,
"Fitness And Aquatic Centre, Baulkham Hills","Household:Health,Fitness,Personal",,
Chicken Salt- AUD,Meals and Entertainment,,
Lawrence Dry Cleaners,Cleaning and Maintenance,,
Fattoosh Lebanese-AUD,Meals and Entertainment,,
Adairs Rhodes Waterside-AUD,Household,,
Bonfire Bread Balmain-AUD,Meals and Entertainment,,
Chicken Salt,,,
Lawrence Dry Cleaners- AUD,,,
United Petroleum,,,
INNER WEST,Parking and Tolls - Aud,,
Bobby Bakehouse Dural-Aud,Meals and Entertainment,,
Fattouli Lebanese Kitchen-Aud,Meals and Entertainment,,
Acting the Part Costumes and Balloons,"Household:Health,Fitness,Personal",,
Chatswood Interchange-AUD,Household:Fun/Meals/Entertainment,,
Bakery Atelier,Meals and Entertainment,,
Mochi Donuts-AUD,Meals and Entertainment,,
Eighteen Oriental Spices Eastwood- AUD,Meals and Entertainment,,
Teladoc Health,"Household:Health,Fitness,Personal",,
Spell,"Household:Health,Fitness,Personal",,
Donut King-Aud,Meals and Entertainment,,
Coca-Cola-AUD,Household:Fun/Meals/Entertainment,,
Bread and Butter-AUD,Meals and Entertainment,,
Tape Conversions,Advertisement and Marketing,,
Heinemann,Utilities:Cable,,
Monarch Money,Dues and Subscriptions,,
LIDS,"Household:Health,Fitness,Personal",,
Beany Australia-Aud,Legal and Professional Services,,
John Carlin,Rental Income,,
The LINE Austin,Travel Expense,,
The Salt Lick,Meals and Entertainment,,
Eastern Mart Chullora-AUD,Household:Groceries,,
Ripe Maternity-AUD,"Household:Health,Fitness,Personal",,
Baby Bunting Auburn-AUD,"Household:Health,Fitness,Personal",,
Bluebird Co.,"Household:Health,Fitness,Personal",,
Oskar' Wooden-AUD,Household - Aud:Fun/Meals/Entertainment - Aud,,
The Cheltenham-AUD,Meals and Entertainment,,
Metro Balmain-AUD,Meals and Entertainment,,
Priceline Pharmacy-AUD,"Household:Health,Fitness,Personal",,
Vinnies North Ryde-AUD,Household:Fun/Meals/Entertainment,,
The Event Gap-AUD,Household:Fun/Meals/Entertainment,,
Tanush -AUD,Household:Fun/Meals/Entertainment,,
Bed Bath N' Table-AUD,"Household:Health,Fitness,Personal",,
Margi by Azure-AUD,Meals and Entertainment,,
Toys and Tales North Ryde-AUD,"Household:Health,Fitness,Personal",,
Akira Sushi-AUD,Meals and Entertainment,,
Quality Vend-AUD,Household:Fun/Meals/Entertainment,,
Shoes & Sox Macquarie-AUD,"Household:Health,Fitness,Personal",,
Maloneys Grocer-AUD,Household:Groceries,,
NY Tax,Tax Payment,,
Myer,"Household:Health,Fitness,Personal",,
Macquarie Centre,"Household:Health,Fitness,Personal",,
My Solo 401k Financial,Legal and Professional Services,,
Ezbox Sports Eastwood-AUD,Household:Fun/Meals/Entertainment,,
Australia post-AUD,Postage and Shipping,,
Amazonia Aquarium-AUD,Household:Fun/Meals/Entertainment,,
Evolve By Hudson,"Household:Health,Fitness,Personal",,
EG Group-AUD,Utilities:Gas,,
One Pass-AUD,Dues and Subscriptions,,
The Lane and Black-AUD,"Household:Health,Fitness,Personal",,
YunpengCreations-AUD,"Household:Health,Fitness,Personal",,
Pacific Pavilion-AUD,"Household:Health,Fitness,Personal",,
Common-Aud,Meals and Entertainment,,
Lynwood Golf & Country Club-AUD,Household:Fun/Meals/Entertainment,,
Joe's Gourmet Poultry-AUD,Household:Groceries,,
Carlingford Court Medical Centre,"Household:Health,Fitness,Personal",,
CS Education RYDE- AUD,"Household:Health,Fitness,Personal",,
Title Store-AUD,Household:Fun/Meals/Entertainment,,
Ed Resources Pty Ltd-AUD,"Household:Health,Fitness,Personal",,
Sunny Life-AUD,"Household:Health,Fitness,Personal",,
Saigon Summer,Meals and Entertainment,,
Gelato Messina Surry Hills-AUD,Meals and Entertainment,Household:Fun/Meals/Entertainment,
Ebay,,,
Old Town Hong Kong On Barangaroo,,,
Pandora,,,
Saigon Summer-AUD,,,
Aldi,,,
Substock,,,
Sydney Linkt,,,
Costi's Fresh Sea Food,,,
Bay Cafe,,,
Kikki.K Macquarie,,,
C - Reyes Enterprise Pty,,,
Just giving,,,
Orthodontics Sydney Wide Epping,,,
Vending Solutio,,,
Petstock,,,
The Greenhouse Centen,,,
Ramsay Pharmacy,,,
Shoe Club,,,
Darcy,,,
North Ryde Fresh,,,
S & E Flower Creation Ryde,,,
Freshie Chickens,,,
Eat Street Parramatta,,,
Pay and display parking,,,
Parkâ€™nPay,,,
Macquarie Seafood,,,
Harris Farm Markets Boronia Park,,,
Sir Reuben Pty Ltd,,,
Bronte Surf Life Saving Club,,,
"Waves Fitness & Aquatic Centre, Baulkham Hills",,,
Balmoral Pty Ltd,,,
Stanmore Public School,,,
Yhh Investments Pty,,,
Petbarn,,,
Komi Komi,,,
Woolworths Carlingford,,,
Woolworths Macquarie Ryde,,,
Woolworths Online,,,
Roseville Pharmacy,,,
Football Australia Darlinghurst,,,
The Reef Food Bar,,,
Nice Cream,,,
Subiaco 7 Day Chemist,,,
Vum trading Pve Ltd,,,
L & Trading Pty Ltd,,,
The Boat House,,,
Dazn GB,"Household:Health,Fitness,Personal",,
Hobbyco,Household:Groceries,,
Luddenham Village Cafe,,,
Mac Fit,,,
Roberto's Cakes & Fine Food,,,
My health Zetland,,,
Camden Valley Inn,,,
Bourke Street Bakery,,,
Hair By Kristin,,,
White Horse Coffee,,,
BS foods,,,
New Yen Yen Supermarket,,,
Blue Fishmonger Pty Ltd,,,
Strike Bowling Castle,,,
Safety Wing,,,
Boost Juice,,,
Trybooking,,,
Patio Putney,,,
